{"r2_train": 0.8134246135404393, "r2_test": 0.2310435151792699, "rmse_train": 0.44814457223096527, "rmse_test": 0.9492326436939569}