{"r2_train": 0.6548960800459203, "r2_test": 0.265289683462289, "rmse_train": 0.6172307866874259, "rmse_test": 0.8841704021344868}